{"stats":{"minecraft:mined":{"minecraft:dead_bush":1},"minecraft:dropped":{"minecraft:stick":1},"minecraft:used":{"minecraft:bread":2,"alexsmobs:animal_dictionary":1,"minecraft:wooden_sword":4},"minecraft:killed":{"alexsmobs:rattlesnake":2},"minecraft:picked_up":{"minecraft:stick":1,"alexsmobs:rattlesnake_rattle":1},"minecraft:custom":{"minecraft:jump":191,"minecraft:time_since_rest":6508,"minecraft:damage_dealt":160,"minecraft:leave_game":1,"minecraft:damage_taken":287,"minecraft:sprint_one_cm":31520,"minecraft:play_time":6508,"minecraft:time_since_death":6508,"minecraft:walk_one_cm":41792,"minecraft:total_world_time":6508,"minecraft:mob_kills":2,"minecraft:drop":1,"minecraft:fall_one_cm":7640,"minecraft:fly_one_cm":79213}},"DataVersion":3465}