{"stats":{"minecraft:mined":{"biomesoplenty:dried_salt":1,"minecraft:red_sand":1},"minecraft:used":{"alexsmobs:animal_dictionary":1},"minecraft:picked_up":{"biomesoplenty:dried_salt":1,"minecraft:red_sand":1},"minecraft:custom":{"minecraft:jump":106,"minecraft:time_since_rest":5838,"minecraft:leave_game":2,"minecraft:play_time":5838,"minecraft:sprint_one_cm":36854,"minecraft:damage_taken":168,"minecraft:time_since_death":5838,"minecraft:walk_one_cm":16572,"minecraft:total_world_time":5838,"minecraft:fall_one_cm":7787,"minecraft:fly_one_cm":69104}},"DataVersion":3465}