{
  "takesapillage:root": {
    "criteria": {
      "always": "2024-05-26 19:12:11 +0000"
    },
    "done": true
  },
  "create:root": {
    "criteria": {
      "0": "2024-05-26 19:12:11 +0000"
    },
    "done": true
  },
  "sworddisplay:recipes/sworddisplay/birch_sword_display": {
    "criteria": {
      "has_core": "2024-05-26 19:12:11 +0000"
    },
    "done": true
  },
  "sworddisplay:recipes/sworddisplay/prismarine_sword_case": {
    "criteria": {
      "has_core": "2024-05-26 19:12:11 +0000"
    },
    "done": true
  },
  "minecraft:recipes/decorations/crafting_table": {
    "criteria": {
      "unlock_right_away": "2024-05-26 19:12:11 +0000"
    },
    "done": true
  },
  "toms_storage:unlock_netherite": {
    "criteria": {
      "inv_changed-netherite": "2024-05-26 19:12:11 +0000"
    },
    "done": true
  },
  "sworddisplay:recipes/sworddisplay/dark_oak_sword_display": {
    "criteria": {
      "has_core": "2024-05-26 19:12:11 +0000"
    },
    "done": true
  },
  "sworddisplay:recipes/sworddisplay/prismarine_sword_display": {
    "criteria": {
      "has_core": "2024-05-26 19:12:11 +0000"
    },
    "done": true
  },
  "toms_storage:unlock_chest": {
    "criteria": {
      "inv_changed-chest": "2024-05-26 19:12:11 +0000"
    },
    "done": true
  },
  "pfm:grant_book_on_first_join": {
    "criteria": {
      "tick": "2024-05-26 19:12:11 +0000"
    },
    "done": true
  },
  "iceandfire:iceandfire/root": {
    "criteria": {
      "tick": "2024-05-26 19:12:11 +0000"
    },
    "done": true
  },
  "sworddisplay:recipes/sworddisplay/diamond_sword_display": {
    "criteria": {
      "has_core": "2024-05-26 19:12:11 +0000"
    },
    "done": true
  },
  "sworddisplay:recipes/sworddisplay/golden_sword_case": {
    "criteria": {
      "has_core": "2024-05-26 19:12:11 +0000"
    },
    "done": true
  },
  "sworddisplay:recipes/sworddisplay/spruce_sword_display": {
    "criteria": {
      "has_core": "2024-05-26 19:12:11 +0000"
    },
    "done": true
  },
  "sworddisplay:recipes/sworddisplay/wooden_sword_display": {
    "criteria": {
      "has_core": "2024-05-26 19:12:11 +0000"
    },
    "done": true
  },
  "born_in_chaos_v1:bornin_chaos": {
    "criteria": {
      "bornin_chaos_0": "2024-05-26 19:12:11 +0000"
    },
    "done": true
  },
  "sworddisplay:recipes/sworddisplay/diamond_sword_case": {
    "criteria": {
      "has_core": "2024-05-26 19:12:11 +0000"
    },
    "done": true
  },
  "toms_storage:unlock_dia_pearl": {
    "criteria": {
      "inv_changed-ender_pearl": "2024-05-26 19:12:11 +0000",
      "inv_changed-diamond": "2024-05-26 19:12:11 +0000"
    },
    "done": true
  },
  "sworddisplay:recipes/sworddisplay/emerald_sword_display": {
    "criteria": {
      "has_core": "2024-05-26 19:12:11 +0000"
    },
    "done": true
  },
  "toms_storage:unlock_glowstone": {
    "criteria": {
      "inv_changed-glowstone": "2024-05-26 19:12:11 +0000"
    },
    "done": true
  },
  "repurposed_structures:root": {
    "criteria": {
      "always": "2024-05-26 19:12:11 +0000"
    },
    "done": true
  },
  "sworddisplay:recipes/sworddisplay/iron_sword_case": {
    "criteria": {
      "has_core": "2024-05-26 19:12:11 +0000"
    },
    "done": true
  },
  "sworddisplay:recipes/sworddisplay/dark_oak_sword_case": {
    "criteria": {
      "has_core": "2024-05-26 19:12:11 +0000"
    },
    "done": true
  },
  "sworddisplay:recipes/sworddisplay/sword_display": {
    "criteria": {
      "has_core": "2024-05-26 19:12:11 +0000"
    },
    "done": true
  },
  "sworddisplay:recipes/sworddisplay/spruce_sword_case": {
    "criteria": {
      "has_core": "2024-05-26 19:12:11 +0000"
    },
    "done": true
  },
  "sworddisplay:recipes/sworddisplay/emerald_sword_case": {
    "criteria": {
      "has_core": "2024-05-26 19:12:11 +0000"
    },
    "done": true
  },
  "sworddisplay:recipes/sworddisplay/sword_case": {
    "criteria": {
      "has_core": "2024-05-26 19:12:11 +0000"
    },
    "done": true
  },
  "sworddisplay:recipes/sworddisplay/acacia_sword_case": {
    "criteria": {
      "has_core": "2024-05-26 19:12:11 +0000"
    },
    "done": true
  },
  "sworddisplay:recipes/sworddisplay/birch_sword_case": {
    "criteria": {
      "has_core": "2024-05-26 19:12:11 +0000"
    },
    "done": true
  },
  "cataclysm:root": {
    "criteria": {
      "custom_test_name": "2024-05-26 19:12:11 +0000"
    },
    "done": true
  },
  "sworddisplay:recipes/sworddisplay/golden_sword_display": {
    "criteria": {
      "has_core": "2024-05-26 19:12:11 +0000"
    },
    "done": true
  },
  "sworddisplay:recipes/sworddisplay/acacia_sword_display": {
    "criteria": {
      "has_core": "2024-05-26 19:12:11 +0000"
    },
    "done": true
  },
  "sworddisplay:recipes/sworddisplay/netherite_sword_display": {
    "criteria": {
      "has_core": "2024-05-26 19:12:11 +0000"
    },
    "done": true
  },
  "farmersdelight:main/root": {
    "criteria": {
      "seeds": "2024-05-26 19:12:11 +0000"
    },
    "done": true
  },
  "sworddisplay:recipes/sworddisplay/netherite_sword_case": {
    "criteria": {
      "has_core": "2024-05-26 19:12:11 +0000"
    },
    "done": true
  },
  "rpgsmw:choose_your_class": {
    "criteria": {
      "choose_your_class_0": "2024-05-26 19:12:11 +0000"
    },
    "done": true
  },
  "sworddisplay:recipes/sworddisplay/iron_sword_display": {
    "criteria": {
      "has_core": "2024-05-26 19:12:11 +0000"
    },
    "done": true
  },
  "sworddisplay:recipes/sworddisplay/wooden_sword_case": {
    "criteria": {
      "has_core": "2024-05-26 19:12:11 +0000"
    },
    "done": true
  },
  "sworddisplay:recipes/sworddisplay/jungle_sword_case": {
    "criteria": {
      "has_core": "2024-05-26 19:12:11 +0000"
    },
    "done": true
  },
  "sworddisplay:recipes/sworddisplay/jungle_sword_display": {
    "criteria": {
      "has_core": "2024-05-26 19:12:11 +0000"
    },
    "done": true
  },
  "tombstone:adventure/root": {
    "criteria": {
      "auto": "2024-05-26 19:12:12 +0000"
    },
    "done": true
  },
  "minecraft:adventure/adventuring_time": {
    "criteria": {
      "minecraft:wooded_badlands": "2024-05-26 19:12:12 +0000"
    },
    "done": false
  },
  "biomesoplenty:biomesoplenty/root": {
    "criteria": {
      "wasteland": "2024-05-26 19:14:26 +0000"
    },
    "done": true
  },
  "biomesoplenty:biomesoplenty/all_biomes": {
    "criteria": {
      "wasteland": "2024-05-26 19:14:26 +0000"
    },
    "done": false
  },
  "alexsmobs:alexsmobs/root": {
    "criteria": {
      "useitem": "2024-05-26 19:17:50 +0000"
    },
    "done": true
  },
  "minecraft:recipes/building_blocks/glass": {
    "criteria": {
      "has_smelts_to_glass": "2024-05-26 19:18:07 +0000"
    },
    "done": true
  },
  "minecraft:recipes/building_blocks/red_sandstone": {
    "criteria": {
      "has_sand": "2024-05-26 19:18:07 +0000"
    },
    "done": true
  },
  "minecraft:husbandry/root": {
    "criteria": {
      "consumed_item": "2024-05-26 19:17:50 +0000"
    },
    "done": true
  },
  "DataVersion": 3465
}